4716861488535362,1,Thea,Green,2025-04-09,837
1800517129579267,1,Thea,Green,2025-04-09,27
4024007144823,2,Dawne,Kirlin,2025-04-09,875
6011759249780714,4,Kristopher,King,2025-04-09,933
309629861281842,4,Kristopher,King,2025-04-09,67
5460364802386252,5,Robbie,Hartmann,2025-04-09,598
6011782481049861,6,Corwin,Toy,2025-04-09,427
4716946987506988,6,Corwin,Toy,2025-04-09,3203
1800326691094592,7,Guy,Howell,2025-04-09,546
4532281868198990,9,Jaylynn,Gleason,2025-04-09,247
1800734117874713,11,Joell,Lynch,2025-04-09,908
1800102719298949,11,Joell,Lynch,2025-04-09,835
308821083203677,15,Delisa,Smitham,2025-04-09,993
2100407450923786,16,Gurney,Swaniawski,2025-04-09,102
4716054814877811,17,Bethzy,Jaskolski,2025-04-09,933
4024007152289517,21,Justice,Cremin,2025-04-09,289
6011728272030719,21,Justice,Cremin,2025-04-09,6303
5526416368705549,22,Caesar,Zulauf,2025-04-09,975
30019074647631,22,Caesar,Zulauf,2025-04-09,249
5473751593090934,25,Celestino,Toy,2025-04-09,705
4929078900369428,27,Almus,Lemke,2025-04-09,769
2100655343215576,27,Almus,Lemke,2025-04-09,21
6011857309664248,29,Fleet,Leuschke,2025-04-09,920
311264314670510,30,Virgia,Ankunding,2025-04-09,438
2100872158149135,30,Virgia,Ankunding,2025-04-09,596
4539851729971331,31,Beverly,Beahan,2025-04-09,651
4716700187104,31,Beverly,Beahan,2025-04-09,605
5323117596790163,32,Deandre,Gleason,2025-04-09,386
341487518346769,34,Milburn,Farrell,2025-04-09,647
869990807421542,35,Gael,Lind,2025-04-09,622
6011268269802143,35,Gael,Lind,2025-04-09,380
349267793164927,36,Ossie,Strosin,2025-04-09,681
4532977179348,37,Janie,Schiller,2025-04-09,420
214946736497898,37,Janie,Schiller,2025-04-09,198
4539420660555048,39,Qiana,Homenick,2025-04-09,82
1800749341419275,39,Qiana,Homenick,2025-04-09,281
2100105425669308,40,Cindy,Feest,2025-04-09,915
4024007184856820,40,Cindy,Feest,2025-04-09,693
341127782496672,44,Ira,Kilback,2025-04-09,634
349888263854190,47,Kinte,Schaefer,2025-04-09,473
1800966446987648,47,Kinte,Schaefer,2025-04-09,179
869981890597777,48,Bettyjane,Haley,2025-04-09,216
315839135142462,49,Efrem,Crona,2025-04-09,728
4005287949908,49,Efrem,Crona,2025-04-09,935
4486219813919,50,Emett,Bogan,2025-04-09,6365
4916531833006413,51,Darien,Tromp,2025-04-09,615
315831661852531,51,Darien,Tromp,2025-04-09,223
201403308914814,52,Corina,Graham,2025-04-09,595
201418602375769,52,Corina,Graham,2025-04-09,777
345949628720684,56,Devyn,Streich,2025-04-09,373
4486499087958095,60,Emeline,Lemke,2025-04-09,694
30312490378141,61,Erlene,Hilll,2025-04-09,43
315876175812182,62,Kaeden,Price,2025-04-09,191
342775750398608,65,Aimee,Cormier,2025-04-09,633
378646888106915,65,Aimee,Cormier,2025-04-09,117
30020854190008,66,London,Cruickshank,2025-04-09,508
30286650745929,66,London,Cruickshank,2025-04-09,772
352824671972179,67,Dena,Rosenbaum,2025-04-09,257
30212861600372,67,Dena,Rosenbaum,2025-04-09,396
6011656502388989,68,Farrah,Zemlak,2025-04-09,471
342418696727628,69,Sammie,Hermann,2025-04-09,160
2100969460003354,69,Sammie,Hermann,2025-04-09,556
345062045152372,70,Monna,Kemmer,2025-04-09,934
869981595983736,70,Monna,Kemmer,2025-04-09,951
4532842293481275,71,Barnie,Harvey,2025-04-09,91
2100667423947309,71,Barnie,Harvey,2025-04-09,344
869966271500466,72,Edw,Herzog,2025-04-09,341
4929517727729,76,Torrey,Watsica,2025-04-09,700
201491469585242,77,Winifred,Lind,2025-04-09,736
4916084428567316,77,Winifred,Lind,2025-04-09,929
6011700965116063,78,Flo,Franecki,2025-04-09,619
2100840464188162,78,Flo,Franecki,2025-04-09,6958
4486903572992469,79,Anderson,Kirlin,2025-04-09,597
4556953780354072,80,Marquita,Christiansen,2025-04-09,932
214925777891342,80,Marquita,Christiansen,2025-04-09,710
4771985994106533,82,Kimora,Lowe,2025-04-09,5236
6011015791135686,83,Nanna,Gutkowski,2025-04-09,603
30368303059351,83,Nanna,Gutkowski,2025-04-09,536
4556730801150626,84,Piper,Medhurst,2025-04-09,3780
214974580627824,85,Raelynn,Kuhn,2025-04-09,73
1800395796706764,85,Raelynn,Kuhn,2025-04-09,221
333715928005124,86,Star,Hettinger,2025-04-09,808
4539106560299205,86,Star,Hettinger,2025-04-09,481
4929329723361,89,Jayme,Wiegand,2025-04-09,799
214920897022613,89,Jayme,Wiegand,2025-04-09,4633
1800765866469123,90,Leighton,Goodwin,2025-04-09,4979
373815649716107,90,Leighton,Goodwin,2025-04-09,487
1800553468521081,91,Ernesto,Jast,2025-04-09,19
6011234155213100,91,Ernesto,Jast,2025-04-09,717
4916430832495976,96,Lyle,Predovic,2025-04-09,201
2100283985681599,96,Lyle,Predovic,2025-04-09,742
1800870567849225,97,Louie,Reichel,2025-04-09,384
4486605347616345,97,Louie,Reichel,2025-04-09,998
30048144076836,99,Roxy,Langworth,2025-04-09,81
4486342605125,100,Dick,Gleichner,2025-04-09,727
4929555091889,100,Dick,Gleichner,2025-04-09,151
333756298317897,103,Cameron,Keebler,2025-04-09,477
5108046901205271,103,Cameron,Keebler,2025-04-09,877
1800682027743967,104,Eldred,Swift,2025-04-09,926
4539346975967,104,Eldred,Swift,2025-04-09,167
214965121040881,107,Mikhail,Prohaska,2025-04-09,82
30378532816984,109,Kathyrn,Thompson,2025-04-09,57
30336965332200,109,Kathyrn,Thompson,2025-04-09,501
869966500383270,111,Kecia,Kunde,2025-04-09,542
30136514143755,111,Kecia,Kunde,2025-04-09,772
5487598252919729,113,Eddie,Dibbert,2025-04-09,593
4716441214902671,113,Eddie,Dibbert,2025-04-09,951
6011864519951175,114,Paula,Goldner,2025-04-09,436
6011341303402681,114,Paula,Goldner,2025-04-09,625
6011771421543497,115,Deforest,Brekke,2025-04-09,388
6011572460098355,115,Deforest,Brekke,2025-04-09,683
5424573143977653,118,Sophronia,Mayer,2025-04-09,283
344319087217211,119,Lorenza,Muller,2025-04-09,602
201473651384469,120,Dillie,Larson,2025-04-09,7434
4556732218041851,121,Moshe,Hane,2025-04-09,944
5302790348998287,123,Marleen,Thompson,2025-04-09,415
6011218764304616,123,Marleen,Thompson,2025-04-09,589
5207447160912864,124,Byron,McLaughlin,2025-04-09,5373
6011705778074565,124,Byron,McLaughlin,2025-04-09,761
4717594876545250,125,Emilie,Labadie,2025-04-09,787
343122929556825,127,Dianne,Schaden,2025-04-09,235
5152737876811052,127,Dianne,Schaden,2025-04-09,556
4532953938931,129,Nelda,Schuster,2025-04-09,743
4916274932883750,129,Nelda,Schuster,2025-04-09,138
201480977520551,130,Opha,Deckow,2025-04-09,732
214913972414904,130,Opha,Deckow,2025-04-09,883
1800377765559713,131,Emmons,Considine,2025-04-09,137
4929422907382,131,Emmons,Considine,2025-04-09,105
4539749500057058,132,Carsen,Tremblay,2025-04-09,857
2100191036335885,132,Carsen,Tremblay,2025-04-09,739
30034936893927,133,Channing,Prosacco,2025-04-09,178
201469701065124,133,Channing,Prosacco,2025-04-09,638
315875606041775,134,Marsh,Kutch,2025-04-09,874
869975504437966,135,Trula,Mante,2025-04-09,978
6011561802828355,136,Darleen,Hayes,2025-04-09,5689
4703591527689,136,Darleen,Hayes,2025-04-09,499
4770424326313212,137,Michaela,Metz,2025-04-09,872
6011896545665742,140,Viridiana,Gleichner,2025-04-09,30
1800140924410222,142,Hope,Lockman,2025-04-09,4716
4486057260006742,142,Hope,Lockman,2025-04-09,654
2100985427437360,143,Chandra,Keeling,2025-04-09,39
869912544474428,143,Chandra,Keeling,2025-04-09,718
308853700530711,144,Loy,Bartell,2025-04-09,412
201488669143657,144,Loy,Bartell,2025-04-09,685
2100128253557395,146,Chelsi,Kovacek,2025-04-09,942
4556333860120026,147,Vilma,Fadel,2025-04-09,805
4556039118801115,147,Vilma,Fadel,2025-04-09,239
1800423407161680,148,Dannie,Adams,2025-04-09,364
2100003855880299,148,Dannie,Adams,2025-04-09,8373
308854884268854,149,Katelin,Spinka,2025-04-09,24
5540994994819407,153,Averie,Johns,2025-04-09,263
4486092813529882,154,Zoie,Fadel,2025-04-09,973
4486723722676535,155,Renae,Hegmann,2025-04-09,225
36571663670832,157,Eugene,West,2025-04-09,775
869924937803295,158,Dedrick,Mueller,2025-04-09,735
308841228048456,160,Tobin,Lubowitz,2025-04-09,866
6011700821188934,160,Tobin,Lubowitz,2025-04-09,702
2100363070690828,162,Shae,Funk,2025-04-09,95
345320974138212,163,Dorris,Dietrich,2025-04-09,428
1800457849015971,165,Pierce,Larson,2025-04-09,47
201499545896632,167,Loula,Oberbrunner,2025-04-09,897
5427737471640335,167,Loula,Oberbrunner,2025-04-09,50
2100936027371301,168,Marcelino,McLaughlin,2025-04-09,462
346048860169798,168,Marcelino,McLaughlin,2025-04-09,870
4916202214148329,170,Bobbie,Haley,2025-04-09,129
4929581334128161,172,Marla,Christiansen,2025-04-09,119
4532868236176839,174,Greg,Berge,2025-04-09,353
6011904388449289,174,Greg,Berge,2025-04-09,757
869971828016859,175,Jami,Deckow,2025-04-09,744
1800084659614386,175,Jami,Deckow,2025-04-09,629
869919770747088,176,Lavina,Deckow,2025-04-09,587
869943712454173,177,Marcell,Kozey,2025-04-09,688
1800720455255888,179,Ivey,Schowalter,2025-04-09,982
352848433655988,180,Laila,O'Connell,2025-04-09,550
4539221780651315,181,Raven,Corkery,2025-04-09,965
5588701453010714,183,Luke,Strosin,2025-04-09,995
1800707586900565,186,Jaylen,Gerlach,2025-04-09,714
1800071026581539,187,Erick,Hills,2025-04-09,12
311244425067145,187,Erick,Hills,2025-04-09,560
5429724947566169,188,Dedrick,Shanahan,2025-04-09,447
347306521600422,188,Dedrick,Shanahan,2025-04-09,178
4486154108515,189,Eliga,Auer,2025-04-09,378
6011186719052426,190,Jo,Borer,2025-04-09,776
4916424929988332,191,Lydia,McClure,2025-04-09,367
4024007124023,192,Kenna,Ebert,2025-04-09,413
5268094588846021,192,Kenna,Ebert,2025-04-09,906
1800706291773796,194,Wellington,Stracke,2025-04-09,171
38338994307403,195,Denton,Runolfsson,2025-04-09,643
201427918174006,195,Denton,Runolfsson,2025-04-09,411
4916499786294,196,Reinaldo,Reichel,2025-04-09,465
371933077683400,197,Caylee,Lemke,2025-04-09,760
214986372343857,198,Bennie,Smitham,2025-04-09,411
4556553574291,199,Buna,Feeney,2025-04-09,114
201406287649004,200,Margarett,Olson,2025-04-09,785
374922687327620,201,Iris,Predovic,2025-04-09,458
4024007105717,202,Raiden,Watsica,2025-04-09,970
308831832910142,203,Karla,Dickinson,2025-04-09,610
2100682503693293,204,Omari,Auer,2025-04-09,461
30324144093133,205,Sonja,Smith,2025-04-09,618
5292987375234717,205,Sonja,Smith,2025-04-09,50
214964166505270,206,Ofelia,Wilkinson,2025-04-09,429
378278129936148,206,Ofelia,Wilkinson,2025-04-09,7574
1800914746961103,210,Garnet,Gutkowski,2025-04-09,7245
4476612673128434,210,Garnet,Gutkowski,2025-04-09,110
2100225789953542,213,Shonna,Langosh,2025-04-09,5828
30295025655176,214,Sarina,Carroll,2025-04-09,731
4716843615714,214,Sarina,Carroll,2025-04-09,208
2100696362429425,215,Ulysses,Block,2025-04-09,447
315887142697267,217,Olen,Kuhic,2025-04-09,304
214981583613750,217,Olen,Kuhic,2025-04-09,434
36230511524986,219,Lossie,Weber,2025-04-09,545
4310510032187,219,Lossie,Weber,2025-04-09,934
315875480048649,221,Elaina,Wiza,2025-04-09,589
1800874621163664,221,Elaina,Wiza,2025-04-09,286
4929365383023469,222,Stella,Kling,2025-04-09,56
201453870599428,222,Stella,Kling,2025-04-09,604
4539355827945718,223,Orvil,Orn,2025-04-09,250
352865640186193,226,Rudolfo,Gerlach,2025-04-09,191
308806778674845,227,Amber,Johnson,2025-04-09,359
4716363919492347,228,Walker,Yost,2025-04-09,514
30000690437193,228,Walker,Yost,2025-04-09,506
30202461553923,229,Barbie,Bode,2025-04-09,599
5246019758786894,229,Barbie,Bode,2025-04-09,891
2100771614240258,230,Ammon,Runolfsdottir,2025-04-09,922
1800143144651773,230,Ammon,Runolfsdottir,2025-04-09,464
30341186370294,231,Janiah,Jakubowski,2025-04-09,434
1800322992321347,231,Janiah,Jakubowski,2025-04-09,571
214948085346023,232,Venice,Turner,2025-04-09,406
352810365852280,232,Venice,Turner,2025-04-09,133
5209321115075424,233,Esley,Morar,2025-04-09,656
6011671179421211,234,Eduardo,Sporer,2025-04-09,703
377905623542862,234,Eduardo,Sporer,2025-04-09,418
4532780052252,235,Hurley,Zieme,2025-04-09,8779
4539491571459158,235,Hurley,Zieme,2025-04-09,887
349491060878627,236,Amey,Reynolds,2025-04-09,30
379562235807528,238,Algie,Kertzmann,2025-04-09,211
6011347109756279,238,Algie,Kertzmann,2025-04-09,366
6011999572009865,244,Cody,Hills,2025-04-09,433
869962580702299,244,Cody,Hills,2025-04-09,438
4539691357943560,245,Mattie,Schumm,2025-04-09,9363
4539454462485021,245,Mattie,Schumm,2025-04-09,148
2100424529412154,246,Sherrill,Hand,2025-04-09,561
4916982786066,246,Sherrill,Hand,2025-04-09,1156
6011523568361815,247,Arlie,O'Hara,2025-04-09,48
348977039460787,247,Arlie,O'Hara,2025-04-09,549
4556900132119885,248,Haywood,Russel,2025-04-09,543
372052773553376,248,Haywood,Russel,2025-04-09,278
4532052825229,253,Darryl,Cummerata,2025-04-09,209
4024007150720125,254,Ada,Monahan,2025-04-09,307
6011411695318769,254,Ada,Monahan,2025-04-09,626
36980185955615,255,Konner,Wilderman,2025-04-09,693
869956919328966,255,Konner,Wilderman,2025-04-09,629
371477559228839,264,Carlene,Maggio,2025-04-09,875
1800477636717894,265,Burrel,Lubowitz,2025-04-09,180
376638191870875,265,Burrel,Lubowitz,2025-04-09,994
1800305143347253,266,Alcide,Johns,2025-04-09,143
2100389559706249,269,Orville,Conroy,2025-04-09,14
869964040634591,270,Whitney,Frami,2025-04-09,239
6011261245831161,272,Khalid,McCullough,2025-04-09,555
6011784659889169,273,Jeane,White,2025-04-09,294
4024007109421411,274,Tobe,Dietrich,2025-04-09,160
4916648611211,274,Tobe,Dietrich,2025-04-09,1168
38643071651197,276,Elliana,Legros,2025-04-09,851
1800680941197088,276,Elliana,Legros,2025-04-09,393
214922261462920,277,Daxton,Hauck,2025-04-09,857
4716792697697,277,Daxton,Hauck,2025-04-09,847
6011046452504084,279,Mckenzie,Leuschke,2025-04-09,426
4532323621647,281,Emaline,Rath,2025-04-09,924
375793042289014,281,Emaline,Rath,2025-04-09,823
4556567146295553,282,Hurley,Kuphal,2025-04-09,872
311277023014853,282,Hurley,Kuphal,2025-04-09,61
2100110736124795,284,Marilynn,Little,2025-04-09,235
6011202120848607,285,General,Graham,2025-04-09,54
315884038734528,285,General,Graham,2025-04-09,497
36446097748092,286,Wayman,Feeney,2025-04-09,13
5433953992389797,286,Wayman,Feeney,2025-04-09,688
4264936312089,288,Lylah,Kihn,2025-04-09,796
869940701818103,289,Littleton,Ankunding,2025-04-09,480
1800266957045088,291,Hosea,Littel,2025-04-09,620
2100429928789755,293,Enos,Robel,2025-04-09,900
1800709879539282,294,Alannah,Crona,2025-04-09,616
36547934822964,295,Nealy,Kunde,2025-04-09,164
4486475838766,296,Ellamae,Quigley,2025-04-09,523
869926140146446,296,Ellamae,Quigley,2025-04-09,822
379991481997438,298,Kara,Blick,2025-04-09,986
1800501092946679,298,Kara,Blick,2025-04-09,927
315846115541001,300,Johana,Wilderman,2025-04-09,300
347160769221908,301,Elsie,Nikolaus,2025-04-09,433
6011952264211232,301,Elsie,Nikolaus,2025-04-09,371
5412704168994901,302,Magdalen,Buckridge,2025-04-09,577
333798589372553,304,Chantelle,Cronin,2025-04-09,20
4532121467829845,305,Becky,Lockman,2025-04-09,886
309642796093281,305,Becky,Lockman,2025-04-09,813
1800656440066701,306,Roma,McClure,2025-04-09,176
6011291992127547,306,Roma,McClure,2025-04-09,311
4716432392447977,307,Amaya,Considine,2025-04-09,151
4486729297744,307,Amaya,Considine,2025-04-09,174
4923064231794456,309,Eddie,Lowe,2025-04-09,963
869951117857049,310,Daulton,Prohaska,2025-04-09,359
4532346452145275,310,Daulton,Prohaska,2025-04-09,623
201450938319567,311,Virdie,Gerlach,2025-04-09,778
869980483187137,311,Virdie,Gerlach,2025-04-09,557
1800212308425132,315,Aarav,Carroll,2025-04-09,519
30014528577062,316,Leonardo,Block,2025-04-09,818
4929675000203645,317,Rahsaan,DuBuque,2025-04-09,925
38945623646173,317,Rahsaan,DuBuque,2025-04-09,585
30311943580139,319,Alyce,Littel,2025-04-09,855
4556776911637192,319,Alyce,Littel,2025-04-09,231
308823295352433,323,Maci,Bernhard,2025-04-09,13
4539334640638388,323,Maci,Bernhard,2025-04-09,462
4556443107632376,325,Son,Dooley,2025-04-09,579
869946623666850,325,Son,Dooley,2025-04-09,102
375434536110719,327,Roddy,Gleichner,2025-04-09,837
5353698367040188,328,Rondal,Kemmer,2025-04-09,442
1800822312059519,329,Mossie,Mante,2025-04-09,80
4556908339137931,329,Mossie,Mante,2025-04-09,27
352898948707725,330,Alvia,Abernathy,2025-04-09,150
201468902933825,330,Alvia,Abernathy,2025-04-09,728
352878947745306,333,Waylon,Mertz,2025-04-09,397
4486184574754559,333,Waylon,Mertz,2025-04-09,573
352872700935766,335,Jerrilyn,Heaney,2025-04-09,278
375303191465637,335,Jerrilyn,Heaney,2025-04-09,165
309688296187206,337,Nyah,Prosacco,2025-04-09,861
869972115410383,337,Nyah,Prosacco,2025-04-09,784
4716493838673,341,Ronin,Schmeler,2025-04-09,322
30063488302243,341,Ronin,Schmeler,2025-04-09,949
315868754708519,342,Mcarthur,Rippin,2025-04-09,727
4716332355941182,343,Bynum,Dietrich,2025-04-09,51
4532264788769,343,Bynum,Dietrich,2025-04-09,356
1800921151821557,344,Tate,Bartell,2025-04-09,885
1800154769644928,345,Antonina,Braun,2025-04-09,478
5532644507415967,345,Antonina,Braun,2025-04-09,54
1800267508404535,347,Ovid,Kunde,2025-04-09,87
376338337189039,347,Ovid,Kunde,2025-04-09,5921
4916007336508643,348,Alysa,Goodwin,2025-04-09,966
4556748896096,348,Alysa,Goodwin,2025-04-09,756
377755035061708,349,Holly,Waelchi,2025-04-09,603
5141499850600662,350,Herman,Wolff,2025-04-09,494
869991981543382,351,Dennie,Raynor,2025-04-09,516
869932389180948,352,Seaborn,Schaden,2025-04-09,401
1800353993459455,353,Kaitlin,Hartmann,2025-04-09,105
30090774600931,353,Kaitlin,Hartmann,2025-04-09,516
2100204710427322,354,Capitola,Nicolas,2025-04-09,140
4532444520900,355,Annette,Stracke,2025-04-09,995
1800101360516799,356,Pryor,Dibbert,2025-04-09,552
4623244112319,357,Albion,Beahan,2025-04-09,798
1800895811116816,357,Albion,Beahan,2025-04-09,528
340082015842518,358,Louie,McCullough,2025-04-09,654
2100400024950658,358,Louie,McCullough,2025-04-09,426
6011633913327567,359,Lemuel,Skiles,2025-04-09,213
201442256915902,359,Lemuel,Skiles,2025-04-09,791
4716460677317599,360,Bird,Wilkinson,2025-04-09,15
4605192063369629,361,Silvester,Lindgren,2025-04-09,873
214903724609026,361,Silvester,Lindgren,2025-04-09,530
6011541760898368,362,Rossie,Kirlin,2025-04-09,287
4916596370822019,362,Rossie,Kirlin,2025-04-09,589
6011234077334869,363,Rowan,Weber,2025-04-09,693
372634449740428,364,Scarlett,Schmeler,2025-04-09,9579
352813746924869,364,Scarlett,Schmeler,2025-04-09,7802
4916553274954893,366,Arley,Bernhard,2025-04-09,677
2100440314053052,366,Arley,Bernhard,2025-04-09,387
2100119459600097,367,Davin,Schulist,2025-04-09,587
869953930525498,368,Kraig,Jacobs,2025-04-09,631
4539985260085,368,Kraig,Jacobs,2025-04-09,291
38442356310995,369,Gigi,Lynch,2025-04-09,67
4916775216813677,369,Gigi,Lynch,2025-04-09,580
4482554651576,371,Chyna,Hintz,2025-04-09,611
2100929310938977,371,Chyna,Hintz,2025-04-09,112
214929042704298,372,Lucille,Will,2025-04-09,52
214938999546958,372,Lucille,Will,2025-04-09,744
344697394400921,373,Eola,Turner,2025-04-09,50
4486178070307466,375,Evia,Dickens,2025-04-09,856
4024007166990,375,Evia,Dickens,2025-04-09,503
36452811451468,376,Drury,Ernser,2025-04-09,400
4916308614711,377,Naoma,Kihn,2025-04-09,963
6011057182756076,377,Naoma,Kihn,2025-04-09,464
1800906056744707,378,Gage,Runolfsdottir,2025-04-09,685
352877673263849,381,Kaela,Dickinson,2025-04-09,879
373164609444271,381,Kaela,Dickinson,2025-04-09,615
4916755304088994,382,Taraji,Klein,2025-04-09,192
315824879643610,383,Jensen,Keeling,2025-04-09,933
2100987282030769,384,Era,Bernier,2025-04-09,222
1800714341058960,384,Era,Bernier,2025-04-09,134
346039859946437,386,Jeryl,Emmerich,2025-04-09,341
352805620489506,386,Jeryl,Emmerich,2025-04-09,648
4207286255812,391,Celie,Hauck,2025-04-09,4566
352863528399327,391,Celie,Hauck,2025-04-09,522
311252256889255,392,Rutha,Brown,2025-04-09,472
4486780408323964,393,Inga,Stiedemann,2025-04-09,382
6011998455888916,394,Rillie,Lehner,2025-04-09,294
30215840628794,397,Trudy,Hills,2025-04-09,942
343116025931148,397,Trudy,Hills,2025-04-09,665
869927251182634,398,Pairlee,Schroeder,2025-04-09,424
201499834211725,398,Pairlee,Schroeder,2025-04-09,465
4486121209826,399,Millicent,Borer,2025-04-09,132
1800442920848904,399,Millicent,Borer,2025-04-09,33
201413063622684,400,Dorris,Green,2025-04-09,324
869967594434474,401,Theodis,Orn,2025-04-09,572
333783820059029,402,Rianna,Nikolaus,2025-04-09,262
869977792169061,402,Rianna,Nikolaus,2025-04-09,198
5581741936113294,403,Cleo,Marks,2025-04-09,577
1800082966228049,408,Leigh,Jewess,2025-04-09,7449
869955018669544,408,Leigh,Jewess,2025-04-09,485
1800358117617722,409,Deetta,Rutherford,2025-04-09,375
6011688874137389,410,Mace,Terry,2025-04-09,115
1800730961242064,411,Elwood,Kovacek,2025-04-09,16
311286728783308,411,Elwood,Kovacek,2025-04-09,429
4532620643841582,412,Dorotha,Bednar,2025-04-09,452
341071719463365,412,Dorotha,Bednar,2025-04-09,399
309614885292629,414,Launa,Walker,2025-04-09,261
1800859686780296,414,Launa,Walker,2025-04-09,19
869941121751825,416,Stanton,Denesik,2025-04-09,814
201460090434948,417,Morton,Leannon,2025-04-09,9498
4916717742527835,419,Pandora,Vandervort,2025-04-09,833
4929437385103,420,Earlie,Koepp,2025-04-09,225
2100942387363946,423,Jerrica,Wisozk,2025-04-09,647
4556948056188345,424,Elizebeth,Borer,2025-04-09,829
4532866214906532,426,Cosmo,Rempel,2025-04-09,48
38960420933393,427,Larissa,Hodkiewicz,2025-04-09,435
4716816561013513,427,Larissa,Hodkiewicz,2025-04-09,667
201430358332738,435,Lenore,Kshlerin,2025-04-09,289
4916552952832496,435,Lenore,Kshlerin,2025-04-09,91
2100067337000768,439,Dilan,Denesik,2025-04-09,617
352859336157857,442,Sharday,D'Amore,2025-04-09,389
4486693244284,442,Sharday,D'Amore,2025-04-09,652
5423080108719196,443,Mylie,Senger,2025-04-09,6396
38620470726416,443,Mylie,Senger,2025-04-09,489
346637696470923,444,Vic,Glover,2025-04-09,747
4916824778388,444,Vic,Glover,2025-04-09,934
5348475383558263,446,Lota,Ward,2025-04-09,499
5279783595537980,448,Elmira,Erdman,2025-04-09,2631
4486517115924811,449,Amarion,Hickle,2025-04-09,8814
6011489154584337,450,Kerrie,Reinger,2025-04-09,573
2100879464703570,451,Algot,Rau,2025-04-09,92
2100411304972916,451,Algot,Rau,2025-04-09,594
4172751165807,452,Tito,Mayert,2025-04-09,469
201412185634510,453,Jodie,Kirlin,2025-04-09,221
1800699048302144,453,Jodie,Kirlin,2025-04-09,70
377512985879419,454,Hall,Auer,2025-04-09,185
1800963244694351,456,Lyric,Haag,2025-04-09,138
2100769110172405,458,Dylan,Romaguera,2025-04-09,611
869966023996087,458,Dylan,Romaguera,2025-04-09,765
5116328168513096,459,Immanuel,Predovic,2025-04-09,422
869918398826704,462,Gretta,Fadel,2025-04-09,758
5542291767739245,463,Zoey,Durgan,2025-04-09,782
1800170207418196,464,Morris,Mosciski,2025-04-09,62
214921522887438,465,Adella,Feil,2025-04-09,538
214947704641889,465,Adella,Feil,2025-04-09,516
36400320109507,468,Emma,Bradtke,2025-04-09,6796
1800825658742192,470,Thornton,Maggio,2025-04-09,992
4539303458387,470,Thornton,Maggio,2025-04-09,666
1800055158586341,471,Maryellen,Marquardt,2025-04-09,530
374004177841475,471,Maryellen,Marquardt,2025-04-09,317
5282009292740940,472,Bird,Fay,2025-04-09,85
6011424089012161,473,Lars,Effertz,2025-04-09,649
4916317879116963,475,Loren,Beier,2025-04-09,83
1800211531966383,475,Loren,Beier,2025-04-09,478
4532815052218872,476,Rosendo,Ferry,2025-04-09,103
201482306905966,477,Flonnie,Wiza,2025-04-09,290
1800636477941513,478,Pluma,Hoppe,2025-04-09,980
1800749935417404,479,Dallas,Torp,2025-04-09,499
869906493205817,479,Dallas,Torp,2025-04-09,296
6011011511909856,480,Ami,Stroman,2025-04-09,184
30392345407477,481,Leaner,Stroman,2025-04-09,609
5317050539829582,482,Jamison,Beahan,2025-04-09,142
6011058894042318,483,Sierra,Fisher,2025-04-09,659
4716282832812,484,Zaire,Graham,2025-04-09,958
4716352836852691,485,Iva,Carroll,2025-04-09,883
6011549276892106,486,Ewald,Hane,2025-04-09,15
2100082454994610,487,Kalene,Champlin,2025-04-09,417
4556025179757387,487,Kalene,Champlin,2025-04-09,175
2100732476473973,488,Ritchie,Jacobs,2025-04-09,799
371193670764780,488,Ritchie,Jacobs,2025-04-09,250
2100096837934770,489,Maximiliano,Dickinson,2025-04-09,266
5309281864762706,489,Maximiliano,Dickinson,2025-04-09,3038
869913324452899,490,Louvenia,Boyer,2025-04-09,75
333706094897469,491,Pascal,Hamill,2025-04-09,4056
4916460119047331,491,Pascal,Hamill,2025-04-09,5856
4711388123343221,493,Madisen,Nicolas,2025-04-09,52
375764794360527,495,Moe,Connelly,2025-04-09,236
4539551199299243,495,Moe,Connelly,2025-04-09,346
201416962811019,497,Cherie,Marks,2025-04-09,196
308840180831768,499,Wayne,Borer,2025-04-09,830
