0,False,2015-05-09,False,,,840,3.24,3.32,0.0
1,False,2015-05-01,True,,,956,12.42,0.37,0.0
2,False,2015-05-01,False,,,516,3.17,0.89,0.0
3,True,,True,744,281,,1.14,2.50,0.0
4,True,,True,699,103,,2.39,1.51,0.0
5,True,,False,843,417,,9.57,1.09,0.0
6,False,2015-05-08,True,,,859,0.97,3.11,0.0
7,True,,True,594,251,,17.48,0.60,0.0
8,True,,False,847,222,,11.15,1.69,0.0
9,False,2015-04-28,True,,,713,12.54,1.07,0.0
10,False,2015-05-02,False,,,740,6.47,1.47,0.0
11,True,,True,650,381,,13.52,1.07,0.0
12,True,,True,874,271,,13.66,0.90,0.0
13,False,2015-05-05,True,,,780,3.52,1.84,0.0
14,False,2015-05-01,False,,,569,14.61,0.92,0.0
15,False,2015-05-10,False,,,662,5.61,1.84,0.0
16,False,2015-04-30,True,,,977,10.38,0.64,0.0
17,False,2015-04-28,True,,,736,11.62,1.24,0.0
18,True,,True,755,214,,6.99,3.15,0.0
19,True,,True,997,423,,9.31,0.72,0.0
20,True,,False,567,495,,47.95,0.17,0.0
21,True,,False,980,236,,11.88,0.68,0.0
22,True,,True,848,191,,9.64,1.07,0.0
23,True,,True,833,250,,14.83,0.69,0.0
24,False,2015-04-27,True,,,760,8.75,0.71,0.0
25,False,2015-05-01,True,,,727,7.63,2.93,0.0
26,True,,True,758,250,,21.78,0.38,0.0
27,True,,False,677,446,,11.77,1.04,0.0
28,True,,True,541,360,,8.98,1.78,0.0
29,False,2015-04-16,False,,,813,16.68,0.68,0.0
30,False,2015-05-05,True,,,631,16.06,0.68,0.0
31,False,2015-04-22,True,,,907,7.29,1.19,0.0
32,False,2015-04-24,False,,,526,16.0,0.69,0.0
33,True,,True,686,339,,11.85,1.70,0.0
34,True,,False,842,483,,8.53,0.87,0.0
35,False,2015-05-05,True,,,942,4.9,2.26,0.0
36,False,2015-04-18,False,,,757,21.78,0.38,0.0
37,True,,False,714,161,,3.42,1.92,0.0
38,False,2015-05-10,True,,,537,11.08,1.52,0.0
39,True,,False,654,475,,9.99,0.70,0.0
40,False,2015-04-30,False,,,901,12.5,1.00,0.0
41,False,2015-04-19,True,,,743,18.63,0.61,0.0
42,False,2015-04-23,False,,,666,19.26,0.35,0.0
43,True,,True,940,347,,0.79,5.32,0.0
44,True,,False,923,452,,14.27,0.96,0.0
45,False,2015-04-30,True,,,852,11.15,1.42,0.0
46,False,2015-04-13,True,,,926,13.89,1.02,0.0
47,True,,True,577,313,,10.95,0.46,0.0
48,True,,True,826,193,,2.42,3.11,0.0
49,False,2015-04-17,True,,,745,12.17,1.30,0.0
50,False,2015-05-01,True,,,783,14.43,0.94,0.0
51,False,2015-04-26,True,,,566,11.9,1.35,0.0
52,False,2015-04-17,True,,,973,6.58,1.13,0.0
53,True,,True,631,267,,7.58,1.10,0.0
54,True,,False,871,367,,18.32,0.58,0.0
55,True,,False,683,394,,9.45,1.96,0.0
56,True,,False,545,405,,4.16,2.85,0.0
57,True,,False,685,441,,6.18,1.43,0.0
58,False,2015-04-17,True,,,607,16.22,0.66,0.0
59,True,,False,832,482,,14.85,1.02,0.0
60,False,2015-05-12,False,,,777,7.92,0.89,0.0
61,True,,False,736,445,,15.52,0.93,0.0
62,False,2015-04-29,True,,,837,6.49,1.47,0.0
63,False,2015-04-28,False,,,878,15.56,0.74,0.0
64,True,,True,618,125,,0.99,5.05,0.0
65,False,2015-04-27,False,,,831,9.46,0.80,0.0
66,False,2015-04-30,True,,,753,17.52,0.60,0.0
67,True,,False,503,187,,6.98,2.72,0.0
68,False,2015-04-17,False,,,720,3.87,8.04,0.0
69,False,2015-04-26,True,,,889,4.13,1.18,0.0
70,True,,False,792,220,,8.72,0.95,0.0
71,False,2015-04-24,False,,,774,10.02,0.60,0.0
72,False,2015-05-02,True,,,517,16.17,0.67,0.0
73,True,,True,854,412,,12.99,1.31,0.0
74,True,,True,659,341,,7.78,1.18,0.0
75,False,2015-04-21,True,,,619,12.0,1.00,0.0
76,False,2015-04-16,True,,,849,13.46,1.08,0.0
77,True,,False,792,154,,13.0,1.07,0.0
78,False,2015-04-26,False,,,636,4.87,2.29,0.0
79,False,2015-04-18,False,,,846,4.9,4.71,0.0
80,True,,False,843,437,,14.51,0.86,0.0
81,True,,True,707,248,,11.5,0.74,0.0
82,True,,True,995,441,,2.99,4.01,0.0
83,False,2015-05-08,True,,,532,4.8,2.33,0.0
84,True,,False,544,334,,2.1,6.62,0.0
85,True,,True,553,178,,1.9,3.21,0.0
86,False,2015-05-09,True,,,761,3.37,1.67,0.0
87,False,2015-05-06,False,,,502,10.88,1.57,0.0
88,True,,False,602,224,,15.59,1.31,0.0
89,True,,True,702,312,,2.99,5.69,0.0
90,True,,True,514,348,,9.43,1.76,0.0
91,False,2015-05-05,False,,,746,3.98,5.53,0.0
92,True,,False,703,325,,13.89,1.52,0.0
93,True,,False,884,299,,7.61,1.10,0.0
94,False,2015-05-11,True,,,856,7.25,1.21,0.0
95,True,,False,893,357,,0.8,8.99,0.0
96,True,,True,506,111,,2.54,4.51,0.0
97,False,2015-04-19,True,,,558,3.95,2.78,0.0
98,True,,False,875,121,,2.05,10.21,0.0
99,False,2015-04-14,True,,,625,5.76,1.60,0.0
100,True,,True,610,306,,6.75,1.52,0.0
101,True,,False,529,177,,14.61,0.71,0.0
102,True,,True,895,339,,4.9,2.06,0.0
103,True,,True,635,149,,17.41,0.61,0.0
104,False,2015-04-24,True,,,841,6.89,1.18,0.0
105,False,2015-05-07,True,,,762,9.57,1.09,0.0
106,True,,True,734,393,,8.74,2.20,0.0
107,True,,False,548,341,,14.0,1.14,0.0
109,True,,True,629,162,,22.95,1.87,0.0
110,True,,True,540,225,,4.22,3.03,0.0
111,True,,True,524,137,,9.24,2.03,0.0
112,True,,False,666,251,,60.89,0.63,0.0
114,False,2015-05-02,False,,,892,5.16,2.10,0.0
115,True,,True,815,210,,9.2,1.50,0.0
116,True,,False,940,487,,5.35,1.99,0.0
117,True,,False,531,169,,7.98,2.13,0.0
118,False,2015-05-10,False,,,938,9.96,1.51,0.0
119,False,2015-05-12,True,,,790,7.56,1.12,0.0
120,False,2015-05-12,True,,,819,13.94,1.01,0.0
121,True,,False,594,274,,10.61,1.54,0.0
122,False,2015-04-29,False,,,687,7.55,1.12,0.0
123,True,,True,734,288,,6.19,3.84,0.0
125,False,2015-04-30,False,,,904,10.99,1.37,0.0
126,False,2015-04-25,True,,,536,10.59,1.36,0.0
128,False,2015-05-04,True,,,755,7.58,1.64,0.0
129,False,2015-05-11,True,,,558,4.99,2.40,0.0
130,True,,True,631,223,,39.99,1.00,0.0
131,False,2015-05-10,False,,,561,9.05,1.43,0.0
132,False,2015-04-28,False,,,791,5.0,1.40,0.0
133,False,2015-04-26,True,,,516,12.0,1.25,0.0
134,True,,False,825,495,,8.08,1.10,0.0
135,True,,False,812,480,,19.95,1.00,0.0
136,False,2015-04-24,False,,,604,11.22,0.78,0.0
137,False,2015-04-19,True,,,827,8.97,1.90,0.0
138,True,,False,732,284,,11.66,0.97,0.0
139,False,2015-05-11,False,,,658,10.95,0.83,0.0
140,False,2015-04-22,True,,,953,8.18,1.20,0.0
142,True,,False,523,421,,21.77,0.38,0.0
143,False,2015-04-27,True,,,655,8.59,1.09,0.0
144,True,,False,652,441,,3.29,1.43,0.0
145,True,,False,833,198,,4.96,2.22,0.0
146,True,,True,556,356,,14.28,1.10,0.0
147,False,2015-05-12,False,,,614,13.99,1.00,0.0
148,False,2015-04-25,True,,,538,12.23,0.55,0.0
149,True,,False,711,272,,4.65,1.15,0.0
150,True,,True,838,287,,12.22,1.04,0.0
151,False,2015-04-25,True,,,795,14.75,1.37,0.0
152,False,2015-04-27,True,,,780,11.0,1.54,0.0
153,True,,True,864,147,,10.38,1.60,0.0
154,False,2015-05-01,True,,,661,9.37,0.81,0.0
155,True,,False,859,469,,10.67,0.78,0.0
156,True,,False,867,338,,10.0,1.50,0.0
157,True,,False,589,431,,34.4,0.31,0.0
158,True,,False,946,414,,14.48,1.42,0.0
159,False,2015-05-02,True,,,500,11.43,1.01,0.0
160,False,2015-04-20,False,,,726,6.69,1.39,0.0
162,True,,False,996,447,,13.37,1.02,0.0
163,True,,False,841,208,,13.29,0.96,0.0
165,False,2015-05-06,True,,,580,130.18,0.84,0.0
166,True,,True,504,119,,5.17,2.09,0.0
167,False,2015-04-24,True,,,731,12.48,1.24,0.0
169,True,,True,526,171,,22.72,0.76,0.0
170,False,2015-05-04,True,,,884,10.81,1.68,0.0
171,True,,True,913,101,,6.68,1.54,0.0
173,True,,True,614,179,,6.62,1.42,0.0
174,False,2015-05-10,False,,,776,14.04,1.14,0.0
175,False,2015-04-13,True,,,551,8.6,1.32,0.0
176,True,,False,966,370,,8.75,1.40,0.0
177,True,,False,832,347,,13.21,0.89,0.0
178,False,2015-04-21,True,,,712,13.73,0.82,0.0
179,False,2015-05-07,True,,,696,24.97,0.84,0.0
180,False,2015-04-23,False,,,578,11.67,0.71,0.0
181,True,,True,569,491,,15.22,0.97,0.0
182,False,2015-04-19,False,,,797,10.52,1.47,0.0
183,True,,True,785,454,,13.48,1.15,0.0
184,True,,False,640,279,,8.52,0.99,0.0
185,False,2015-05-07,False,,,546,16.67,0.80,0.0
187,True,,True,753,349,,4.4,2.64,0.0
188,False,2015-04-26,True,,,705,3.0,4.67,0.0
189,False,2015-04-15,False,,,936,0.01,1994.00,0.0
190,True,,False,655,242,,14.51,1.07,0.0
191,True,,False,647,470,,7.19,1.22,0.0
192,False,2015-04-25,True,,,633,10.59,1.36,0.0
193,True,,True,609,267,,6.03,1.98,0.0
194,False,2015-05-03,True,,,765,3.52,1.54,0.0
196,False,2015-04-13,True,,,634,7.45,2.22,0.0
197,True,,False,558,111,,6.29,1.69,0.0
198,True,,False,734,219,,12.4,0.77,0.0
199,True,,False,723,487,,13.85,1.16,0.0
200,True,,False,754,239,,1.99,15.08,0.0
201,False,2015-04-25,True,,,539,5.99,1.83,0.0
202,False,2015-04-18,True,,,926,5.83,1.74,0.0
203,False,2015-04-29,True,,,582,7.55,2.44,0.0
204,True,,False,543,376,,10.17,0.57,0.0
205,False,2015-04-29,False,,,593,6.87,1.33,0.0
206,True,,False,592,160,,4.94,2.44,0.0
207,True,,False,759,384,,9.74,0.64,0.0
208,False,2015-04-25,False,,,776,5.38,2.34,0.0
209,True,,True,504,106,,2.09,1.39,0.0
210,True,,False,698,141,,2.25,1.66,0.0
211,False,2015-04-18,True,,,750,0.94,3.24,0.0
212,False,2015-04-16,False,,,909,9.0,1.55,0.0
214,True,,False,657,389,,9.53,0.67,0.0
215,False,2015-05-09,True,,,892,8.76,0.94,0.0
216,True,,True,803,164,,1.93,2.62,0.0
218,True,,False,751,482,,4.79,2.13,0.0
219,True,,True,622,124,,10.58,0.61,0.0
220,False,2015-05-12,True,,,617,5.94,1.86,0.0
221,True,,False,636,255,,8.94,2.36,0.0
222,True,,False,795,346,,3.14,1.23,0.0
224,True,,False,799,322,,19.79,2.03,0.0
225,True,,True,820,157,,20.33,1.95,0.0
229,False,2015-05-01,True,,,751,24.49,0.43,0.0
231,False,2015-04-23,False,,,545,6.18,3.04,0.0
232,False,2015-04-30,True,,,606,14.87,1.02,0.0
233,False,2015-04-28,False,,,538,3.95,3.05,0.0
234,False,2015-05-10,False,,,992,17.26,0.74,0.0
235,False,2015-05-03,True,,,967,8.14,1.46,0.0
236,True,,True,921,388,,16.19,0.54,0.0
237,True,,True,904,292,,10.39,1.89,0.0
238,False,2015-05-07,False,,,745,21.06,0.42,0.0
239,False,2015-05-10,False,,,868,18.39,0.63,0.0
240,False,2015-04-13,True,,,552,17.33,1.02,0.0
241,True,,False,953,154,,29.4,0.19,0.0
242,True,,False,846,416,,16.79,1.08,0.0
243,False,2015-05-04,True,,,597,6.92,3.04,0.0
244,False,2015-05-04,True,,,861,9.05,2.31,0.0
245,False,2015-05-04,False,,,848,20.52,0.95,0.0
246,False,2015-04-17,False,,,969,10.36,1.41,0.0
247,False,2015-04-21,False,,,675,17.69,0.98,0.0
248,True,,False,514,457,,11.0,1.36,0.0
249,True,,False,872,394,,13.84,1.17,0.0
250,False,2015-04-20,True,,,941,14.92,0.81,0.0
251,False,2015-04-14,True,,,877,14.94,0.67,0.0
252,False,2015-05-11,True,,,545,9.1,0.75,0.0
253,True,,False,898,138,,11.62,1.24,0.0
254,True,,True,873,297,,12.14,1.31,0.0
255,False,2015-04-27,True,,,604,7.84,1.16,0.0
256,True,,True,703,494,,9.57,1.09,0.0
257,True,,True,717,403,,8.98,1.11,0.0
258,True,,False,590,153,,16.73,1.09,0.0
259,False,2015-04-28,True,,,692,26.46,0.51,0.0
260,False,2015-05-07,True,,,506,17.69,0.70,0.0
261,False,2015-04-21,True,,,626,12.18,1.46,0.0
262,True,,False,979,320,,12.42,1.25,0.0
263,False,2015-05-10,False,,,986,18.66,0.88,0.0
264,True,,False,574,214,,18.49,1.06,0.0
265,False,2015-04-28,True,,,649,17.86,0.96,0.0
266,False,2015-04-27,True,,,915,16.47,1.13,0.0
267,False,2015-04-18,True,,,858,17.35,0.73,0.0
268,True,,True,946,410,,22.66,0.54,0.0
269,True,,True,662,474,,12.5,1.40,0.0
270,True,,False,615,372,,19.59,1.30,0.0
271,True,,True,620,178,,19.74,1.02,0.0
272,False,2015-05-12,False,,,604,20.51,0.36,0.0
273,True,,True,869,347,,13.9,0.80,0.0
274,True,,False,998,455,,17.9,0.67,0.0
275,True,,False,784,315,,15.49,1.26,0.0
276,False,2015-05-06,False,,,967,14.31,1.10,0.0
277,True,,False,537,474,,16.71,0.62,0.0
278,False,2015-04-30,True,,,705,38.76,0.55,0.0
279,False,2015-04-27,False,,,941,11.81,1.29,0.0
280,False,2015-04-27,False,,,786,15.42,0.94,0.0
281,True,,False,839,298,,12.99,1.69,0.0
282,False,2015-04-19,True,,,659,10.41,0.63,0.0
283,False,2015-04-26,False,,,817,17.3,0.56,0.0
284,True,,False,908,283,,11.06,1.08,0.0
285,False,2015-04-22,True,,,941,22.48,0.78,0.0
286,True,,True,978,115,,12.15,1.30,0.0
287,True,,False,865,121,,11.95,1.30,0.0
288,True,,False,516,186,,18.99,1.11,0.0
289,False,2015-05-01,True,,,637,18.49,1.16,0.0
290,True,,True,725,461,,22.23,0.80,0.0
291,False,2015-04-28,False,,,654,4.21,4.94,0.0
292,True,,True,827,162,,14.38,0.95,0.0
293,False,2015-04-14,True,,,987,12.69,1.36,0.0
294,False,2015-04-19,True,,,694,18.8,0.86,0.0
295,True,,False,572,322,,21.78,0.83,0.0
296,True,,True,612,142,,22.18,0.80,0.0
297,True,,True,924,231,,17.59,0.71,0.0
298,True,,True,879,253,,10.28,1.23,0.0
299,True,,False,720,298,,11.56,1.59,0.0
300,False,2015-05-05,True,,,816,9.95,0.81,0.0
301,False,2015-05-07,False,,,728,29.24,0.54,0.0
302,False,2015-05-02,True,,,752,13.37,1.02,0.0
303,False,2015-04-23,True,,,631,11.55,0.99,0.0
304,False,2015-04-26,False,,,698,10.23,1.44,0.0
305,False,2015-04-24,True,,,733,12.53,1.08,0.0
306,True,,True,591,287,,12.75,1.35,0.0
307,True,,False,753,346,,5.6,2.03,0.0
308,False,2015-04-14,False,,,812,14.99,0.86,0.0
309,True,,False,569,154,,10.25,0.95,0.0
310,True,,True,833,155,,16.48,0.97,0.0
311,True,,True,548,190,,5.99,0.67,0.0
312,False,2015-05-08,False,,,518,13.72,0.82,0.0
313,True,,False,711,245,,15.5,0.29,0.0
314,False,2015-04-13,False,,,922,13.93,0.79,0.0
315,True,,False,861,279,,21.09,0.90,0.0
316,False,2015-05-06,False,,,575,15.59,0.73,0.0
317,True,,False,548,449,,17.64,0.98,0.0
318,False,2015-04-27,True,,,589,15.75,0.58,0.0
319,False,2015-05-06,False,,,708,17.31,1.02,0.0
320,True,,False,538,245,,14.97,0.67,0.0
321,True,,True,585,246,,11.22,0.78,0.0
322,True,,True,908,273,,13.1,0.68,0.0
323,True,,False,895,164,,17.95,0.95,0.0
324,True,,False,840,348,,13.49,1.22,0.0
325,True,,False,996,359,,5.86,1.72,0.0
326,False,2015-05-07,False,,,609,4.92,0.42,0.0
327,False,2015-04-20,False,,,681,3.96,3.29,0.0
328,False,2015-04-19,True,,,652,13.7,0.93,0.0
329,True,,True,813,138,,18.62,0.34,0.0
330,False,2015-04-22,False,,,500,24.91,0.40,0.0
331,True,,True,851,380,,7.42,1.29,0.0
332,True,,False,531,460,,9.8,0.22,0.0
335,True,,False,675,334,,11.96,0.25,0.0
336,False,2015-04-13,False,,,945,9.69,1.58,0.0
337,False,2015-05-05,False,,,718,14.87,1.02,0.0
338,False,2015-04-28,False,,,552,7.56,0.32,0.0
339,True,,False,950,400,,14.57,0.72,0.0
340,False,2015-04-20,True,,,916,2.99,1.00,0.0
341,False,2015-04-26,True,,,971,9.14,0.64,0.0
342,True,,False,668,216,,5.83,0.20,0.0
343,False,2015-04-15,False,,,602,10.25,0.85,0.0
344,False,2015-04-19,True,,,706,13.86,0.80,0.0
345,False,2015-05-12,True,,,535,5.24,0.91,0.0
346,True,,False,764,331,,21.17,0.65,0.0
347,False,2015-04-22,False,,,654,11.97,0.67,0.0
348,True,,False,959,336,,28.14,0.60,0.0
349,True,,True,844,476,,9.8,0.93,0.0
350,True,,False,850,236,,14.6,0.71,0.0
351,False,2015-05-09,False,,,607,5.99,1.84,0.0
352,False,2015-05-01,False,,,911,7.5,0.99,0.0
353,False,2015-04-14,True,,,529,2.39,1.51,0.0
354,True,,False,679,281,,13.46,0.63,0.0
355,True,,True,540,478,,9.03,0.66,0.0
356,False,2015-05-11,False,,,691,94.87,0.38,0.0
357,False,2015-04-19,False,,,657,7.46,1.00,0.0
358,False,2015-04-23,True,,,546,19.44,0.54,0.0
359,False,2015-05-09,False,,,739,32.99,0.52,0.0
360,True,,False,933,295,,7.11,1.11,0.0
361,True,,True,863,260,,26.43,0.89,0.0
362,True,,True,636,281,,130.97,0.58,0.0
363,False,2015-05-07,True,,,673,21.86,0.83,0.0
364,True,,True,696,295,,13.98,1.50,0.0
365,False,2015-05-06,False,,,580,10.24,1.92,0.0
366,True,,True,665,471,,14.93,0.81,0.0
367,True,,False,984,153,,31.64,0.58,0.0
368,True,,False,903,150,,13.09,0.76,0.0
370,False,2015-04-30,True,,,813,7.44,1.96,0.0
371,False,2015-04-14,False,,,979,11.77,1.97,0.0
373,False,2015-04-20,False,,,842,9.45,1.01,0.0
374,True,,True,631,217,,14.75,0.69,0.0
375,True,,True,992,220,,22.8,1.19,0.0
376,True,,True,843,436,,169.98,0.62,0.0
377,True,,False,999,164,,105.99,1.36,0.0
378,False,2015-05-06,True,,,705,13.85,0.73,0.0
379,True,,False,993,343,,11.22,0.69,0.0
380,False,2015-04-16,True,,,774,26.89,0.79,0.0
381,True,,True,770,241,,10.12,0.98,0.0
383,True,,False,548,292,,6.19,1.91,0.0
384,True,,False,886,146,,9.58,1.09,0.0
385,True,,False,801,209,,10.99,1.00,0.0
386,False,2015-04-13,True,,,617,14.29,1.66,0.0
388,False,2015-04-29,True,,,727,9.95,0.71,0.0
389,False,2015-04-16,False,,,612,10.19,0.67,0.0
390,False,2015-05-06,False,,,613,11.43,1.01,0.0
391,True,,True,951,416,,26.95,0.86,0.0
392,True,,False,689,477,,11.56,0.64,0.0
393,False,2015-05-07,False,,,653,25.41,0.97,0.0
395,True,,False,998,176,,14.99,0.70,0.0
396,True,,True,765,284,,35.53,0.24,0.0
397,True,,False,547,276,,51.35,0.30,0.0
398,True,,True,704,278,,29.57,0.86,0.0
399,False,2015-05-01,False,,,978,10.31,0.94,0.0
401,False,2015-04-16,True,,,705,10.23,0.86,0.0
403,True,,False,903,263,,30.75,0.30,0.0
405,True,,True,946,296,,11.45,0.74,0.0
406,True,,True,557,155,,8.59,1.10,0.0
407,True,,False,585,249,,10.28,2.11,0.0
408,False,2015-05-10,False,,,602,40.54,0.60,0.0
409,True,,True,783,375,,11.96,0.59,0.0
411,True,,False,846,183,,10.45,0.63,0.0
412,True,,False,966,165,,10.23,0.86,0.0
413,True,,False,783,260,,20.29,0.68,0.0
414,False,2015-04-28,True,,,583,11.69,0.62,0.0
415,False,2015-04-18,True,,,545,11.69,0.62,0.0
416,False,2015-04-26,False,,,913,47.16,0.38,0.0
417,False,2015-04-21,True,,,839,10.5,0.62,0.0
418,True,,False,863,169,,29.99,0.70,0.0
419,False,2015-05-01,False,,,711,11.75,0.62,0.0
420,True,,True,980,407,,5.08,2.15,0.0
421,True,,True,694,452,,10.32,0.84,0.0
422,False,2015-05-06,False,,,814,8.44,1.01,0.0
424,False,2015-05-11,True,,,822,10.61,0.60,0.0
425,False,2015-04-23,False,,,817,38.59,0.68,0.0
426,False,2015-05-04,True,,,502,64.21,0.29,0.0
427,False,2015-04-24,True,,,587,10.23,0.86,0.0
428,True,,False,906,267,,9.75,0.74,0.0
429,True,,False,594,341,,10.92,1.56,0.0
430,True,,False,980,412,,77.33,0.55,0.0
433,False,2015-05-02,True,,,578,17.63,0.25,0.0
435,False,2015-05-10,True,,,694,14.86,1.02,0.0
436,True,,True,967,119,,19.03,0.84,0.0
439,True,,True,532,200,,55.89,1.54,0.0
440,True,,False,710,224,,20.13,0.99,0.0
442,True,,True,914,286,,13.0,1.07,0.0
443,False,2015-04-19,True,,,752,149.5,0.84,0.0
444,False,2015-05-05,True,,,926,150.0,0.71,0.0
446,True,,False,627,387,,8.96,1.01,0.0
447,False,2015-04-19,False,,,702,3.38,1.66,0.0
448,False,2015-04-17,False,,,715,23.15,0.73,0.0
450,False,2015-04-16,True,,,843,14.09,1.05,0.0
451,False,2015-04-26,True,,,507,2.47,3.45,0.0
452,True,,False,534,472,,28.07,0.43,0.0
453,False,2015-04-20,False,,,575,8.45,1.13,0.0
454,True,,False,609,126,,8.45,1.13,0.0
455,False,2015-04-22,False,,,829,1.39,1.88,0.0
456,False,2015-05-04,False,,,527,10.43,1.59,0.0
457,False,2015-04-26,True,,,835,9.28,0.94,0.0
458,False,2015-04-19,False,,,982,12.25,0.96,0.0
459,False,2015-04-24,False,,,797,4.68,2.21,0.0
460,False,2015-05-04,True,,,783,9.28,0.83,0.0
461,True,,True,955,168,,7.94,0.89,0.0
462,False,2015-04-18,True,,,777,3.99,2.76,0.0
463,False,2015-05-09,True,,,663,6.86,1.19,0.0
464,True,,False,670,348,,3.83,0.29,0.0
465,True,,True,939,299,,6.78,1.06,0.0
466,False,2015-05-07,False,,,989,15.99,0.63,0.0
470,False,2015-04-26,False,,,935,37.99,2.92,0.0
472,False,2015-04-29,True,,,844,11.59,0.64,0.0
477,False,2015-04-29,False,,,951,1.84,6.04,0.0
478,False,2015-04-21,True,,,910,10.49,1.67,0.0
479,True,,True,584,152,,5.09,1.94,0.0
480,False,2015-04-20,False,,,958,6.44,3.04,0.0
481,True,,True,902,212,,14.76,0.83,0.0
484,False,2015-04-16,True,,,968,4.28,2.49,0.0
486,False,2015-04-14,True,,,689,6.36,3.09,0.0
487,False,2015-04-26,False,,,692,21.66,0.32,0.0
488,True,,False,608,466,,9.0,2.33,0.0
489,True,,True,557,294,,8.54,0.75,0.0
493,False,2015-05-03,False,,,709,8.96,1.01,0.0
494,True,,False,853,123,,6.09,1.63,0.0
495,True,,True,730,208,,10.61,1.45,0.0
496,False,2015-05-04,True,,,603,9.68,0.86,0.0
497,False,2015-05-07,False,,,933,14.99,0.73,0.0
499,False,2015-05-10,True,,,634,5.49,1.73,0.0
500,True,,False,985,409,,22.22,0.18,0.0
501,False,2015-04-27,False,,,666,11.05,1.44,0.0
502,False,2015-05-06,False,,,831,12.91,1.01,0.0
504,True,,True,924,297,,11.7,1.39,0.0
507,False,2015-04-13,False,,,943,33.6,0.78,0.0
509,False,2015-05-02,True,,,580,6.38,1.66,0.0
511,True,,True,879,436,,5.99,1.50,0.0
513,False,2015-04-22,False,,,759,11.94,1.26,0.0
515,False,2015-05-09,True,,,875,18.62,0.34,0.0
516,False,2015-05-05,True,,,959,15.42,0.81,0.0
517,True,,False,812,140,,8.82,0.92,0.0
519,False,2015-05-03,True,,,534,8.08,1.10,0.0
524,True,,True,897,496,,13.82,0.88,0.0
530,False,2015-04-29,True,,,601,5.74,1.96,0.0
532,True,,True,597,368,,4.0,2.49,0.0
533,True,,False,854,293,,7.44,1.14,0.0
534,True,,True,659,129,,14.01,1.00,0.0
535,True,,False,952,191,,5.1,0.96,0.0
536,True,,True,763,269,,25.0,0.22,0.0
537,True,,False,540,321,,8.99,1.22,0.0
539,True,,True,665,142,,12.75,1.19,0.0
540,False,2015-04-19,False,,,681,9.48,0.69,0.0
541,True,,False,982,459,,0.74,31.36,0.0
542,True,,True,862,222,,13.5,1.07,0.0
545,True,,True,640,188,,5.31,1.82,0.0
546,True,,False,588,421,,24.94,0.20,0.0
547,False,2015-05-10,True,,,841,14.85,1.02,0.0
550,False,2015-05-06,False,,,691,13.0,4.31,0.0
551,False,2015-04-16,True,,,668,12.14,0.89,0.0
554,True,,True,590,146,,13.19,0.29,0.0
556,True,,True,807,223,,12.95,0.24,0.0
558,True,,False,769,382,,23.3,0.41,0.0
560,False,2015-05-08,False,,,550,19.25,0.35,0.0
564,True,,False,916,179,,15.94,1.01,0.0
565,True,,True,790,179,,6.37,1.67,0.0
570,True,,True,647,362,,12.98,1.16,0.0
573,True,,True,985,397,,8.69,1.30,0.0
582,True,,True,893,478,,16.98,0.77,0.0
587,True,,False,630,378,,11.18,1.68,0.0
591,True,,True,602,129,,18.25,0.75,0.0
593,True,,True,909,435,,10.2,0.96,0.0
596,False,2015-05-08,True,,,709,21.6,0.74,0.0
598,True,,False,517,201,,12.66,0.50,0.0
601,False,2015-04-24,False,,,919,17.31,0.61,0.0
602,False,2015-04-22,True,,,995,8.69,1.30,0.0
604,False,2015-04-29,True,,,696,7.58,1.37,0.0
606,False,2015-04-17,False,,,974,3.98,3.27,0.0
609,False,2015-04-23,False,,,844,5.74,1.44,0.0
610,True,,False,528,306,,6.98,1.43,0.0
612,False,2015-04-29,True,,,521,14.35,0.25,0.0
613,True,,False,696,189,,4.78,5.28,0.0
615,True,,True,990,163,,12.13,0.57,0.0
616,False,2015-04-25,True,,,970,10.73,0.77,0.0
618,False,2015-04-30,False,,,729,5.09,2.72,0.0
620,True,,False,677,331,,12.2,0.56,0.0
621,True,,True,884,388,,15.25,0.84,0.0
622,False,2015-04-29,False,,,886,10.93,0.73,0.0
623,True,,False,891,269,,13.77,1.11,0.0
624,True,,False,627,120,,20.39,1.21,0.0
625,True,,True,702,148,,8.75,1.06,0.0
626,True,,False,661,371,,3.25,7.62,0.0
627,False,2015-04-17,True,,,826,4.11,3.14,0.0
628,True,,False,831,200,,17.79,0.69,0.0
629,False,2015-05-05,False,,,626,10.19,0.67,0.0
630,True,,True,588,116,,5.0,2.00,0.0
632,False,2015-04-18,False,,,917,10.25,1.63,0.0
633,False,2015-04-22,True,,,740,16.58,1.11,0.0
634,True,,True,971,281,,16.67,0.68,0.0
635,False,2015-04-19,False,,,818,8.1,1.10,0.0
636,False,2015-04-29,False,,,836,14.78,0.89,0.0
637,True,,False,515,185,,16.25,0.72,0.0
638,False,2015-05-05,True,,,755,6.64,1.26,0.0
639,True,,False,969,328,,13.42,1.01,0.0
641,False,2015-04-26,False,,,887,3.77,2.70,0.0
642,True,,False,911,451,,16.13,0.67,0.0
643,True,,False,819,146,,6.99,0.86,0.0
644,False,2015-04-16,True,,,650,10.15,1.36,0.0
651,True,,False,702,354,,29.04,0.72,0.0
654,True,,False,703,358,,5.93,0.85,0.0
656,True,,True,906,287,,6.34,1.36,0.0
658,False,2015-04-18,True,,,882,2.0,4.00,0.0
660,True,,False,500,399,,5.98,1.51,0.0
661,True,,False,839,118,,12.93,1.16,0.0
665,False,2015-04-28,True,,,724,13.73,1.04,0.0
667,True,,False,832,262,,13.49,1.07,0.0
669,True,,True,934,321,,21.0,0.62,0.0
670,True,,False,636,217,,32.74,0.83,0.0
671,False,2015-04-20,False,,,604,29.27,0.71,0.0
672,True,,False,705,270,,39.61,0.39,0.0
673,True,,True,957,129,,69.99,0.20,0.0
674,True,,True,829,240,,11.9,1.10,0.0
675,False,2015-04-30,False,,,651,103.5,0.18,0.0
676,False,2015-05-05,True,,,974,40.48,0.61,0.0
678,False,2015-05-04,True,,,962,15.16,0.85,0.0
679,False,2015-04-24,False,,,513,13.43,0.86,0.0
680,True,,True,581,263,,15.21,0.84,0.0
681,True,,False,707,236,,184.5,0.68,0.0
682,True,,False,533,110,,15.86,1.02,0.0
683,False,2015-04-26,False,,,941,11.8,1.37,0.0
684,False,2015-04-20,False,,,712,9.48,1.11,0.0
685,True,,True,794,485,,43.46,0.15,0.0
686,True,,False,862,466,,17.0,0.76,0.0
687,True,,True,824,225,,18.48,0.25,0.0
688,True,,False,636,401,,9.99,1.80,0.0
689,False,2015-04-21,False,,,742,28.99,0.72,0.0
690,False,2015-05-07,False,,,581,8.84,2.05,0.0
691,True,,True,595,367,,11.14,1.42,0.0
692,True,,False,968,276,,9.23,2.03,0.0
694,True,,True,538,480,,17.89,1.79,0.0
696,True,,True,812,241,,13.98,1.00,0.0
698,False,2015-04-16,True,,,974,8.58,2.26,0.0
699,False,2015-04-13,True,,,553,12.6,1.22,0.0
700,False,2015-05-08,False,,,682,20.19,0.49,0.0
701,False,2015-04-23,False,,,749,11.33,1.29,0.0
702,False,2015-04-30,False,,,709,2.1,3.28,0.0
703,True,,True,959,473,,15.6,2.07,0.0
705,True,,False,521,279,,6.54,1.60,0.0
706,False,2015-05-11,True,,,767,4.88,2.07,0.0
707,False,2015-04-27,False,,,957,4.9,1.86,0.0
708,False,2015-05-02,True,,,545,5.06,1.96,0.0
709,True,,False,590,256,,17.91,0.56,0.0
711,False,2015-04-19,False,,,839,17.87,0.62,0.0
713,False,2015-04-21,True,,,843,11.79,1.29,0.0
714,True,,False,723,142,,9.09,1.96,0.0
715,False,2015-05-10,False,,,900,2.69,4.58,0.0
717,True,,True,875,117,,9.44,1.96,0.0
718,False,2015-05-01,True,,,968,6.5,1.46,0.0
719,True,,False,925,477,,8.39,0.91,0.0
720,False,2015-04-27,True,,,860,10.64,1.63,0.0
721,True,,True,774,196,,7.39,1.71,0.0
723,True,,False,807,197,,4.55,1.20,0.0
726,True,,True,571,223,,21.14,0.37,0.0
727,False,2015-04-20,True,,,626,5.68,1.64,0.0
728,False,2015-04-19,True,,,900,6.23,1.41,0.0
729,True,,True,521,428,,3.72,1.15,0.0
730,False,2015-05-08,True,,,669,8.25,0.94,0.0
731,False,2015-05-10,False,,,799,1.95,7.18,0.0
732,True,,False,796,271,,12.59,1.22,0.0
733,False,2015-04-26,True,,,828,3.95,3.04,0.0
734,False,2015-04-17,True,,,790,20.51,0.36,0.0
737,False,2015-05-10,True,,,699,5.94,3.38,0.0
738,True,,False,676,105,,5.72,1.80,0.0
739,True,,True,834,211,,13.3,0.95,0.0
740,True,,False,777,211,,15.59,0.67,0.0
741,False,2015-04-23,True,,,919,14.96,0.74,0.0
742,False,2015-04-19,False,,,583,16.36,0.53,0.0
743,True,,True,952,186,,2.99,3.68,0.0
744,False,2015-04-24,False,,,764,4.0,2.25,0.0
745,True,,False,686,337,,5.84,1.73,0.0
746,True,,True,630,106,,6.49,1.62,0.0
747,True,,False,755,374,,20.26,0.73,0.0
748,True,,True,800,346,,4.89,2.27,0.0
749,True,,False,612,212,,13.39,1.09,0.0
750,False,2015-04-25,False,,,678,9.01,0.66,0.0
751,False,2015-04-29,True,,,937,15.47,0.29,0.0
752,False,2015-04-14,False,,,927,8.5,0.88,0.0
753,True,,True,990,198,,3.66,1.46,0.0
754,True,,False,769,452,,14.99,1.40,0.0
755,True,,False,888,473,,8.49,2.06,0.0
756,False,2015-04-16,False,,,846,4.65,1.15,0.0
757,False,2015-05-03,False,,,949,13.28,1.11,0.0
758,False,2015-04-28,False,,,615,12.82,0.17,0.0
759,False,2015-05-07,True,,,766,13.01,1.00,0.0
761,False,2015-04-21,True,,,894,11.1,1.43,0.0
762,True,,True,568,241,,12.03,1.33,0.0
763,False,2015-05-10,True,,,576,3.5,3.56,0.0
765,True,,False,538,274,,3.99,2.76,0.0
766,True,,False,582,427,,15.8,0.46,0.0
767,False,2015-05-02,True,,,832,11.73,1.30,0.0
768,True,,True,674,240,,5.11,2.13,0.0
769,False,2015-04-21,True,,,589,11.99,1.25,0.0
770,False,2015-05-10,True,,,542,10.95,1.28,0.0
771,True,,True,877,366,,10.0,1.79,0.0
772,False,2015-04-20,False,,,512,25.39,0.58,0.0
773,False,2015-04-28,False,,,963,9.98,1.80,0.0
775,False,2015-04-15,True,,,527,25.47,0.57,0.0
776,False,2015-05-02,True,,,868,4.03,1.48,0.0
777,True,,True,584,171,,11.93,0.42,0.0
778,True,,False,508,259,,12.19,1.21,0.0
779,True,,True,691,257,,16.05,0.62,0.0
780,True,,False,690,313,,8.97,0.78,0.0
781,True,,True,545,306,,4.92,1.03,0.0
782,False,2015-04-19,True,,,630,15.59,0.67,0.0
783,False,2015-05-11,False,,,506,11.98,1.25,0.0
784,True,,False,692,316,,4.34,2.23,0.0
785,True,,True,614,301,,9.7,1.68,0.0
819,True,,False,908,474,,13.84,0.73,0.0
829,True,,False,920,395,,5.99,3.83,0.0
830,False,2015-05-02,False,,,548,5.99,3.83,0.0
831,True,,False,868,347,,20.51,0.36,0.0
832,True,,False,962,403,,12.89,1.17,0.0
833,False,2015-04-23,True,,,597,9.47,0.69,0.0
834,True,,True,708,450,,4.3,2.72,0.0
835,True,,True,618,159,,20.52,0.36,0.0
836,True,,True,514,298,,11.95,1.18,0.0
837,True,,False,574,282,,15.99,1.25,0.0
838,False,2015-04-17,True,,,988,15.81,0.70,0.0
839,False,2015-04-27,True,,,537,8.05,0.98,0.0
840,False,2015-04-15,True,,,772,19.74,0.77,0.0
841,True,,True,977,359,,9.5,0.68,0.0
842,False,2015-04-26,False,,,614,7.23,2.87,0.0
843,True,,True,599,467,,16.47,0.70,0.0
844,True,,True,637,148,,20.51,0.36,0.0
845,True,,False,847,370,,20.52,0.36,0.0
846,False,2015-04-21,False,,,941,3.75,1.40,0.0
847,True,,True,961,220,,19.88,0.36,0.0
848,False,2015-04-14,True,,,897,9.6,1.50,0.0
849,False,2015-05-09,False,,,503,9.99,1.70,0.0
850,False,2015-05-01,False,,,703,18.39,0.41,0.0
851,False,2015-04-29,False,,,555,19.56,0.43,0.0
852,False,2015-04-21,False,,,896,7.0,1.28,0.0
853,False,2015-04-30,False,,,930,5.0,2.20,0.0
854,True,,True,621,177,,15.68,0.72,0.0
855,False,2015-05-07,False,,,661,3.24,8.26,0.0
856,False,2015-04-17,False,,,999,7.78,1.18,0.0
857,False,2015-04-17,False,,,924,6.34,1.52,0.0
858,True,,False,981,419,,18.2,0.43,0.0
859,False,2015-04-24,False,,,792,9.61,0.14,0.0
860,True,,False,793,412,,12.95,1.08,0.0
861,False,2015-04-20,False,,,860,20.52,0.36,0.0
862,True,,True,712,228,,2.06,3.85,0.0
863,False,2015-05-11,True,,,686,21.11,0.37,0.0
864,False,2015-04-18,False,,,557,5.38,4.39,0.0
865,False,2015-05-04,True,,,856,3.49,7.02,0.0
866,False,2015-04-27,False,,,763,11.3,1.30,0.0
867,True,,True,627,252,,4.03,1.48,0.0
868,True,,True,797,385,,5.98,3.67,0.0
869,True,,True,561,156,,8.26,0.94,0.0
870,False,2015-05-02,True,,,667,8.97,0.78,0.0
871,False,2015-05-03,True,,,719,18.63,0.34,0.0
872,False,2015-04-20,False,,,832,5.96,2.35,0.0
874,True,,True,678,423,,3.19,3.07,0.0
876,True,,True,994,455,,4.84,2.51,0.0
878,True,,True,873,352,,7.23,0.80,0.0
881,True,,False,760,285,,5.68,1.64,0.0
891,False,2015-05-03,True,,,655,10.93,0.55,0.0
892,False,2015-04-28,True,,,914,10.66,0.69,0.0
893,False,2015-05-12,False,,,555,7.27,1.20,0.0
894,True,,True,588,442,,4.23,2.78,0.0
896,False,2015-04-26,False,,,926,8.46,1.01,0.0
897,True,,False,638,485,,8.25,2.03,0.0
898,False,2015-05-03,True,,,621,10.44,0.62,0.0
900,False,2015-04-22,True,,,568,8.96,1.01,0.0
901,True,,False,713,472,,11.95,0.92,0.0
903,False,2015-04-20,True,,,657,8.09,1.22,0.0
904,True,,True,842,173,,13.82,0.88,0.0
905,False,2015-05-06,True,,,950,11.66,0.71,0.0
906,True,,True,834,231,,5.95,1.86,0.0
907,True,,True,911,208,,11.18,0.61,0.0
909,True,,True,788,340,,7.5,0.99,0.0
910,True,,False,578,252,,11.82,1.11,0.0
912,True,,True,757,239,,11.69,1.31,0.0
913,True,,True,631,167,,7.63,1.22,0.0
914,True,,False,878,120,,6.97,1.15,0.0
915,True,,False,830,193,,7.06,1.83,0.0
916,False,2015-04-24,True,,,861,6.25,1.56,0.0
917,True,,False,645,346,,11.03,0.72,0.0
919,True,,False,683,270,,4.99,2.00,0.0
920,True,,True,900,454,,4.15,2.36,0.0
921,False,2015-05-03,False,,,890,12.0,0.83,0.0
922,False,2015-04-15,True,,,584,9.86,0.92,0.0
924,False,2015-05-11,False,,,762,8.11,1.71,0.0
925,True,,True,653,485,,12.0,1.33,0.0
926,True,,True,809,168,,11.56,0.38,0.0
927,False,2015-05-07,True,,,835,4.44,2.60,0.0
928,False,2015-04-14,False,,,586,3.95,3.05,0.0
929,False,2015-04-15,True,,,603,12.46,0.85,0.0
930,False,2015-04-14,False,,,950,9.86,0.83,0.0
931,True,,True,532,426,,7.18,0.39,0.0
932,False,2015-04-16,True,,,532,13.47,0.18,0.0
933,False,2015-05-12,False,,,723,6.52,1.45,0.0
934,False,2015-04-23,False,,,871,15.12,0.65,0.0
935,False,2015-05-01,False,,,926,6.65,1.25,0.0
936,False,2015-04-19,False,,,989,11.48,0.74,0.0
937,False,2015-04-20,True,,,644,8.35,1.39,0.0
938,True,,False,606,245,,6.41,1.34,0.0
939,True,,True,824,443,,7.06,1.40,0.0
940,True,,False,796,335,,6.01,1.82,0.0
942,False,2015-05-01,True,,,577,11.46,0.65,0.0
943,True,,True,746,444,,3.0,3.67,0.0
944,True,,True,505,204,,17.55,0.71,0.0
946,True,,False,854,158,,6.27,1.39,0.0
947,False,2015-05-08,True,,,611,6.83,1.93,0.0
948,False,2015-05-08,True,,,516,7.45,1.15,0.0
951,True,,False,871,220,,6.38,0.72,0.0
952,False,2015-05-01,False,,,666,13.71,0.82,0.0
953,True,,True,995,413,,9.75,1.05,0.0
954,True,,False,755,197,,15.05,0.27,0.0
956,False,2015-04-20,True,,,575,6.18,1.10,0.0
957,False,2015-05-07,False,,,799,8.45,1.01,0.0
958,False,2015-05-07,True,,,772,6.44,1.01,0.0
959,True,,False,696,200,,6.73,1.67,0.0
961,True,,False,849,418,,9.76,0.74,0.0
962,True,,True,850,131,,5.48,1.73,0.0
963,True,,False,591,483,,5.03,0.99,0.0
964,True,,False,648,364,,17.44,0.72,0.0
965,False,2015-05-07,True,,,551,11.89,1.27,0.0
966,False,2015-04-20,False,,,710,12.27,0.63,0.0
967,True,,False,717,453,,17.29,0.73,0.0
968,True,,True,652,419,,3.0,3.65,0.0
969,False,2015-04-13,True,,,801,13.87,1.02,0.0
974,True,,False,833,413,,4.83,2.31,0.0
987,True,,False,827,393,,6.07,1.97,0.0
999,True,,True,827,186,,4.62,1.15,0.0
1003,True,,False,699,403,,15.27,0.63,0.0
1009,False,2015-04-22,True,,,510,15.71,0.59,0.0
1010,True,,True,753,155,,7.08,1.11,0.0
1011,False,2015-05-04,True,,,528,7.95,1.14,0.0
1015,True,,True,778,165,,20.31,0.33,0.0
1017,True,,True,748,310,,12.49,1.16,0.0
1018,False,2015-04-25,True,,,612,9.17,0.85,0.0
1021,False,2015-04-26,False,,,610,4.76,0.68,0.0
1023,False,2015-04-17,True,,,518,47.08,0.38,0.0
1024,True,,True,766,358,,8.18,1.32,0.0
1028,True,,True,504,474,,24.59,0.22,0.0
1029,False,2015-04-18,False,,,866,9.75,0.33,0.0
1031,False,2015-04-28,False,,,800,14.86,1.02,0.0
1033,False,2015-05-11,False,,,707,16.94,0.59,0.0
1035,False,2015-05-01,True,,,510,4.8,4.42,0.0
1037,False,2015-04-30,True,,,748,2.32,6.33,0.0
1038,True,,False,812,313,,6.48,2.08,0.0
1039,False,2015-05-03,True,,,653,30.0,1.60,0.0
1040,False,2015-05-08,False,,,854,9.11,0.64,0.0
1041,True,,True,973,136,,20.51,0.36,0.0
1043,True,,True,971,266,,5.39,0.85,0.0
1044,False,2015-05-04,True,,,756,4.45,2.37,0.0
1048,True,,True,757,284,,10.04,0.69,0.0
1049,False,2015-04-18,True,,,587,7.58,1.11,0.0
1050,True,,True,715,446,,8.59,1.10,0.0
1053,False,2015-05-01,True,,,912,6.62,1.42,0.0
1056,False,2015-04-26,False,,,704,15.45,0.61,0.0
1057,True,,False,648,224,,5.35,2.18,0.0
1062,True,,False,939,114,,19.79,1.02,0.0
1063,False,2015-05-03,False,,,830,13.66,0.39,0.0
1065,True,,False,701,363,,10.64,0.69,0.0
1066,False,2015-04-19,True,,,891,2.0,2.00,0.0
1069,False,2015-04-19,True,,,624,15.51,0.61,0.0
1073,False,2015-04-28,True,,,638,3.56,1.24,0.0
1084,True,,False,712,127,,5.0,2.40,0.0
1086,True,,True,942,483,,5.8,1.58,0.0
1087,False,2015-04-20,True,,,948,4.02,2.73,0.0
1088,True,,True,915,358,,8.88,1.81,0.0
1125,False,2015-05-11,True,,,953,3.18,2.14,0.0
1133,True,,True,623,308,,4.34,2.69,0.0
1134,True,,True,990,195,,15.89,1.20,0.0
1135,False,2015-04-23,False,,,513,8.6,2.26,0.0
1136,False,2015-05-01,True,,,668,0.05,218.80,0.0
1138,False,2015-04-15,False,,,796,4.9,1.04,0.0
1139,False,2015-04-22,False,,,816,5.01,0.99,0.0
1140,True,,True,920,306,,1.42,6.04,0.0
1141,False,2015-04-18,True,,,914,12.54,1.07,0.0
1142,True,,True,955,113,,4.78,1.09,0.0
1143,True,,True,752,376,,10.21,0.66,0.0
1144,False,2015-04-30,False,,,766,19.84,0.36,0.0
1145,True,,False,957,434,,8.13,0.84,0.0
1147,False,2015-04-27,False,,,822,4.3,1.33,0.0
1148,True,,True,599,381,,6.96,3.02,0.0
1149,False,2015-05-11,False,,,752,20.48,0.36,0.0
1150,True,,False,622,256,,28.07,0.43,0.0
1151,True,,False,831,131,,8.87,0.80,0.0
1152,True,,True,629,188,,10.36,1.51,0.0
1153,False,2015-04-27,True,,,658,6.49,1.47,0.0
1154,True,,True,578,426,,8.49,0.88,0.0
1155,False,2015-04-25,True,,,505,10.99,0.36,0.0
1156,True,,True,677,343,,4.89,2.07,0.0
1158,True,,False,662,131,,20.48,0.36,0.0
1159,False,2015-04-30,False,,,911,13.6,0.25,0.0
1160,False,2015-05-02,True,,,989,15.6,0.67,0.0
1161,False,2015-04-22,True,,,638,6.36,1.67,0.0
1162,True,,False,933,414,,6.22,1.41,0.0
1163,False,2015-05-07,False,,,936,20.52,0.36,0.0
1164,True,,True,805,103,,4.12,1.17,0.0
1165,False,2015-04-16,False,,,843,20.48,0.36,0.0
1166,False,2015-05-04,False,,,745,13.77,0.88,0.0
1167,False,2015-04-16,True,,,779,8.1,1.10,0.0
1168,True,,True,718,291,,12.96,1.23,0.0
1169,False,2015-05-08,False,,,873,6.72,1.38,0.0
1170,True,,False,627,350,,35.19,0.76,0.0
1171,False,2015-05-02,False,,,822,4.48,2.56,0.0
1172,True,,True,840,222,,12.97,0.23,0.0
1173,False,2015-05-10,False,,,897,11.83,0.35,0.0
1174,True,,True,793,285,,7.43,1.29,0.0
1175,True,,False,790,152,,8.45,1.01,0.0
1176,True,,True,640,414,,3.75,1.13,0.0
1177,False,2015-04-17,True,,,887,9.47,0.69,0.0
1178,True,,False,684,272,,4.45,1.02,0.0
1179,False,2015-04-24,True,,,830,0.79,4.06,0.0
1180,False,2015-04-24,False,,,666,7.5,0.99,0.0
1181,True,,True,515,166,,9.1,0.64,0.0
1182,True,,True,800,214,,3.2,1.50,0.0
1183,True,,False,989,483,,8.16,0.84,0.0
1184,False,2015-05-10,True,,,519,23.0,1.09,0.0
1185,False,2015-04-18,True,,,923,8.85,0.13,0.0
1186,True,,True,662,287,,7.99,0.24,0.0
1187,True,,True,545,491,,7.99,0.89,0.0
1188,True,,False,777,346,,2.99,4.35,0.0
1189,True,,False,875,483,,7.0,3.00,0.0
1190,False,2015-04-16,True,,,889,3.98,2.77,0.0
1191,False,2015-05-01,False,,,831,20.52,0.36,0.0
1192,True,,True,638,117,,6.0,1.67,0.0
1193,True,,True,547,415,,8.99,0.39,0.0
1194,False,2015-04-22,True,,,618,3.56,1.24,0.0
1195,False,2015-04-17,False,,,881,8.99,1.22,0.0
1196,False,2015-04-21,False,,,994,6.26,1.55,0.0
1197,False,2015-04-13,True,,,678,8.99,0.94,0.0
1198,False,2015-05-03,False,,,920,6.38,1.51,0.0
1199,False,2015-05-02,True,,,857,4.12,2.64,0.0
1200,False,2015-04-17,False,,,501,19.84,0.36,0.0
1201,True,,False,695,264,,7.85,1.29,0.0
1202,False,2015-05-04,True,,,541,13.6,0.25,0.0
1203,True,,True,844,341,,3.75,1.13,0.0
1204,True,,False,917,498,,4.19,0.91,0.0
1205,True,,True,612,195,,4.28,1.32,0.0
1206,True,,True,981,232,,8.99,0.43,0.0
1207,True,,False,894,305,,10.43,1.40,0.0
1208,False,2015-05-01,True,,,669,3.48,2.74,0.0
1209,True,,True,901,276,,21.98,1.05,0.0
1210,False,2015-04-19,True,,,608,4.96,2.23,0.0
1211,False,2015-05-07,True,,,684,28.05,0.42,0.0
1212,True,,False,792,203,,1.98,7.59,0.0
1213,False,2015-05-06,True,,,548,20.52,0.36,0.0
1214,False,2015-04-27,True,,,973,9.68,0.65,0.0
1215,False,2015-05-11,True,,,789,3.48,3.89,0.0
1219,False,2015-04-19,True,,,570,8.88,0.35,0.0
1229,False,2015-05-06,True,,,677,11.67,0.63,0.0
1234,True,,False,686,427,,11.5,1.09,0.0
1239,False,2015-04-30,False,,,536,14.7,0.77,0.0
1242,False,2015-04-24,True,,,542,12.63,0.50,0.0
1246,True,,False,553,447,,4.64,0.94,0.0
1255,False,2015-05-07,False,,,826,10.34,0.84,0.0
1259,False,2015-04-25,True,,,945,9.48,1.10,0.0
1260,False,2015-05-08,False,,,570,9.43,1.01,0.0
1261,False,2015-04-24,True,,,976,9.08,1.09,0.0
1263,False,2015-04-25,False,,,676,71.45,0.62,0.0
1266,False,2015-04-15,True,,,769,11.35,0.76,0.0
1267,False,2015-04-14,False,,,777,19.62,0.78,0.0
1268,False,2015-04-28,False,,,674,22.33,0.57,0.0
1270,True,,False,617,219,,7.64,1.61,0.0
1273,False,2015-05-05,False,,,514,26.06,0.42,0.0
1274,True,,False,694,348,,17.12,0.63,0.0
1276,True,,True,845,163,,8.71,0.84,0.0
1277,True,,False,795,473,,21.89,0.83,0.0
1278,False,2015-04-27,True,,,565,9.97,1.61,0.0
1280,True,,False,732,414,,29.4,0.70,0.0
1284,True,,False,720,208,,27.06,0.85,0.0
1286,False,2015-05-06,True,,,755,28.97,0.72,0.0
1300,True,,True,856,140,,9.58,1.71,0.0
1338,False,2015-04-13,True,,,629,6.41,1.50,0.0
1345,True,,True,777,319,,6.39,2.60,0.0
1350,True,,True,784,107,,7.11,1.25,0.0
1354,False,2015-05-02,False,,,716,8.39,0.54,0.0
1357,True,,True,865,448,,15.43,0.81,0.0
1361,True,,True,965,136,,9.75,1.05,0.0
1365,False,2015-05-06,False,,,861,9.22,0.84,0.0
1366,False,2015-04-19,True,,,889,6.97,1.29,0.0
1367,True,,True,862,206,,12.65,0.58,0.0
1368,False,2015-05-06,True,,,502,8.08,1.10,0.0
1369,False,2015-05-06,False,,,944,14.91,0.34,0.0
1370,True,,True,873,448,,1.92,6.81,0.0
1371,True,,True,591,285,,12.97,0.70,0.0
1378,False,2015-04-26,False,,,844,5.99,0.99,0.0
1381,True,,True,953,430,,7.71,1.07,0.0
1386,True,,False,779,251,,15.5,0.61,0.0
1387,True,,True,911,286,,10.42,0.63,0.0
1388,False,2015-04-15,False,,,631,5.75,1.43,0.0
1389,True,,False,514,483,,4.79,2.55,0.0
1403,False,2015-04-23,False,,,753,9.77,0.74,0.0
1404,True,,True,769,395,,13.1,0.53,0.0
1406,True,,True,547,159,,15.7,1.04,0.0
1408,True,,False,906,275,,6.01,1.33,0.0
1411,False,2015-04-20,True,,,768,12.42,0.61,0.0
1413,False,2015-04-29,True,,,511,13.4,0.68,0.0
1414,False,2015-04-19,True,,,711,3.01,0.64,0.0
1415,False,2015-05-06,False,,,878,11.16,0.97,0.0
1416,True,,False,680,206,,13.79,0.59,0.0
1417,False,2015-05-10,True,,,932,12.82,0.72,0.0
1418,False,2015-05-03,False,,,697,12.21,0.80,0.0
1419,True,,True,697,481,,15.37,0.95,0.0
1420,False,2015-04-27,True,,,979,14.84,0.88,0.0
1421,False,2015-04-26,False,,,535,7.99,1.13,0.0
1422,True,,True,947,468,,7.34,0.36,0.0
1423,False,2015-04-18,True,,,506,39.99,0.90,0.0
1424,True,,False,899,152,,12.34,1.11,0.0
1425,False,2015-05-03,True,,,842,20.02,0.25,0.0
1426,False,2015-05-07,True,,,900,11.12,0.98,0.0
1427,False,2015-05-07,False,,,510,15.54,0.61,0.0
1428,True,,True,873,128,,5.99,0.84,0.0
1429,True,,False,727,280,,3.59,1.23,0.0
1430,False,2015-05-09,True,,,683,21.85,0.60,0.0
1431,True,,False,509,418,,15.73,0.59,0.0
1432,False,2015-04-23,False,,,835,13.79,0.66,0.0
1433,False,2015-04-18,False,,,753,19.86,0.36,0.0
1434,False,2015-05-07,True,,,660,11.87,0.18,0.0
1435,False,2015-04-28,False,,,612,9.49,0.58,0.0
1436,True,,False,530,109,,8.53,0.99,0.0
1437,False,2015-05-12,False,,,620,10.81,0.85,0.0
1438,True,,False,875,356,,10.18,0.86,0.0
1439,True,,True,777,260,,6.39,1.66,0.0
1440,True,,True,921,218,,14.56,0.92,0.0
1441,False,2015-05-04,True,,,642,17.25,0.74,0.0
1442,True,,True,628,500,,13.32,0.65,0.0
1443,True,,False,551,297,,5.35,1.98,0.0
1444,True,,True,871,334,,12.94,0.85,0.0
1445,False,2015-05-05,True,,,837,8.81,0.92,0.0
1446,True,,False,612,162,,20.52,0.95,0.0
1447,False,2015-04-21,True,,,738,5.12,2.12,0.0
1448,True,,False,750,103,,61.32,0.19,0.0
1449,True,,True,789,195,,5.51,0.81,0.0
1450,False,2015-05-08,True,,,693,15.47,0.61,0.0
1451,False,2015-04-16,True,,,674,19.61,0.53,0.0
1452,True,,True,538,124,,21.01,0.57,0.0
1453,True,,True,754,272,,15.54,0.61,0.0
1454,True,,True,805,118,,15.73,0.71,0.0
1455,False,2015-05-02,False,,,686,7.23,1.76,0.0
1456,True,,True,664,296,,19.25,1.08,0.0
1457,True,,True,958,142,,14.25,0.75,0.0
1458,True,,False,907,257,,11.77,0.61,0.0
1459,False,2015-05-05,True,,,783,18.72,0.44,0.0
1460,True,,False,761,394,,5.43,0.84,0.0
1461,False,2015-04-17,False,,,757,8.68,0.95,0.0
1462,False,2015-04-21,True,,,588,6.9,1.17,0.0
1463,False,2015-05-05,True,,,601,16.58,0.81,0.0
1464,False,2015-04-27,True,,,857,9.0,1.22,0.0
1465,False,2015-04-15,False,,,946,15.79,0.58,0.0
1466,False,2015-05-08,False,,,580,6.48,1.62,0.0
1467,False,2015-04-19,True,,,697,12.5,0.60,0.0
1468,True,,True,641,127,,32.69,0.53,0.0
1469,True,,True,558,209,,15.38,0.30,0.0
1470,True,,True,966,198,,13.29,0.65,0.0
1471,False,2015-05-08,False,,,601,7.18,1.23,0.0
1472,True,,True,993,209,,5.17,2.09,0.0
1473,False,2015-05-01,True,,,1000,11.68,0.97,0.0
1476,False,2015-04-18,True,,,532,29.47,1.95,0.0
1477,True,,True,994,329,,24.08,2.07,0.0
1478,False,2015-04-26,True,,,508,3.64,1.74,0.0
1483,True,,False,912,354,,6.0,2.33,0.0
1485,False,2015-04-19,True,,,513,9.88,3.04,0.0
1488,True,,False,937,347,,6.85,1.63,0.0
1491,True,,False,832,386,,12.54,1.07,0.0
